StartDate,EndDate,Status,IPAddress,Progress,Duration (in seconds),Finished,RecordedDate,ResponseId,RecipientLastName,RecipientFirstName,RecipientEmail,ExternalReference,LocationLatitude,LocationLongitude,DistributionChannel,UserLanguage,QID1,QID29,QID2,QID3,QID3_7_TEXT,QID4,QID5,QID6_1,QID6_2,QID6_3,QID7_1,QID7_2,QID7_3,QID8_1,QID8_2,QID8_3,QID11_1,QID11_2,QID11_3,QID11_4,QID11_5,QID11_6,QID13_1,QID13_2,QID13_3,QID13_4,QID13_5,QID13_6,QID13_7,QID13_8,QID13_9,QID13_10,QID13_11,QID26,QID28_1,QID28_2,QID28_3,QID28_4,QID28_5,QID27_1,QID27_2,QID27_3,QID14_1,QID14_2,QID14_3,QID14_4,QID14_5,QID14_6,QID14_7,QID14_8,QID16,QID17,QID18,QID19,QID20,QID21,QID22,QID23,QID24,QID25,QID25_1_TEXT
Data di inizio,Data di fine,Tipo risposta,Indirizzo IP,Avanzamento,Durata (in secondi),Terminato,Data registrata,ID di risposta,Cognome del destinatario,Nome del destinatario,E-mail del destinatario,Riferimento a dati esterni,Latitudine posizione,Longitudine posizione,Canale di distribuzione,Lingua dell'utente,"This study explores how software developers experience emotional strain in their work and how this may be reflected in everyday development behaviors.  Your participation is entirely voluntary and anonymous. You may stop the survey at any time without providing a reason. The study does not collect any personally identifiable information.  There are no right or wrong answers. We kindly ask you to respond honestly, based on your recent work experience.    Estimated completion time: 12–15 minutes.    By continuing, I confirm that:    • I am at least 18 years old  • I understand that my participation is voluntary and anonymous  • I agree to take part in this study",Your Prolific ID will only be used to verify completion and will not be linked to your personal identity. (Only if you come from Prolific),"In the last 6 months, have you actively contributed code to a software project using version control (e.g., Git)?",Which of the following best describes your current primary role?  Options: - Selected Choice,Which of the following best describes your current primary role?  Options: - Other (please specify) - Text,"In the last 4 weeks, how often have you committed code to a repository? Options:","Attention check To ensure data quality, please select ""Agree"" for this statement.",Emotional Exhaustion - I feel mentally exhausted by my software development work.,Emotional Exhaustion - I feel emotionally drained after working.,Emotional Exhaustion - I feel worn out at the end of the workday.,Cynicism / Detachment - I feel more detached from my work than I used to.,Cynicism / Detachment - I feel less emotionally involved in my project.,Cynicism / Detachment - I distance myself from work-related interactions.,Professional Inefficacy - I feel less effective in my development tasks.,Professional Inefficacy - Tasks that used to be easy now require much more effort.,Professional Inefficacy - I doubt the quality of my contributions.,Emotional Debt - I carry unresolved emotional strain from my work over time.,Emotional Debt - Emotional stress from previous work continues to affect me.,Emotional Debt - I keep working without addressing emotional difficulties related to work.,Emotional Debt - Accumulated frustration influences how I make work decisions.,Emotional Debt - Emotional strain does not disappear even when tasks are completed.,Emotional Debt - I feel emotionally “in debt” due to prolonged work pressure.,Emotional Smells - I worked late at night or during weekends repeatedly. (Persistent Off-Hours Activity),Emotional Smells - I made many small commits instead of fewer well-structured ones. (Workload Compression),Emotional Smells - I committed code very frequently within short time periods. (High-Frequency Commit Pattern),Emotional Smells - My commit messages expressed frustration or negativity. (Negative Commit Sentiment),"Emotional Smells - I wrote commit messages with little or no explanation (e.g., “fix”, “again”). (Self-Referential Commits)","Emotional Smells - I avoided commenting, reviewing, or participating in discussions. (Communication Withdrawal)",Emotional Smells - I worked on the same files or modules mostly alone. (Lone Contribution Pattern),Emotional Smells - I reworked the same code multiple times in a short period. (Repeated Rework),Emotional Smells - I reverted recent changes repeatedly. (Repeated Reverts),Emotional Smells - I applied fixes that did not fully solve the problem. (Non-Resolving Fixes),Emotional Smells - I used AI-generated code with minimal review or adaptation. (Uncritical AI Code Adoption),"Attention check To ensure data quality, please select ""Disagree"" for this statement.",Consequences - Emotional strain increases the likelihood of introducing bugs.,Consequences - Emotional fatigue reduces code maintainability.,Consequences - Burnout affects my ability to refactor effectively.,Consequences - Emotional stress negatively impacts long-term software quality.,"Consequences - Under emotional strain, I tend to postpone quality-related improvements.",Job Satisfaction - I feel energized by my work.,Job Satisfaction - I feel enthusiastic about my project.,Job Satisfaction - I feel absorbed in my development tasks.,Organizational Practices - My organization provides access to psychological support services.,Organizational Practices - Stress management or well-being training is available.,Organizational Practices - Workload is actively monitored and redistributed when needed.,Organizational Practices - Team-building activities are encouraged.,Organizational Practices - Retrospectives are used to discuss not only technical issues but also team well-being.,Organizational Practices - Tooling and automation reduce repetitive or stressful tasks.l emotionally “in debt” due to prolonged work pressure.,Organizational Practices - These practices help reduce emotional strain over time.,Organizational Practices - These practices improve team well-being and collaboration.,"If you wish, briefly describe any practice that helped you manage stress or emotional strain at work.","How often do you use AI tools (e.g., ChatGPT, Copilot) for coding tasks?","In your work context, AI tools are mainly:",Age,Gender,Years of experience in software development,Team setup,Number of time zones in your team,Which of the following best describes your current working arrangement?,Did you find any question unclear or difficult to answer? - Selected Choice,Did you find any question unclear or difficult to answer? - Yes - Text
"{""ImportId"":""startDate"",""timeZone"":""Europe/Rome""}","{""ImportId"":""endDate"",""timeZone"":""Europe/Rome""}","{""ImportId"":""status""}","{""ImportId"":""ipAddress""}","{""ImportId"":""progress""}","{""ImportId"":""duration""}","{""ImportId"":""finished""}","{""ImportId"":""recordedDate"",""timeZone"":""Europe/Rome""}","{""ImportId"":""_recordId""}","{""ImportId"":""recipientLastName""}","{""ImportId"":""recipientFirstName""}","{""ImportId"":""recipientEmail""}","{""ImportId"":""externalDataReference""}","{""ImportId"":""locationLatitude""}","{""ImportId"":""locationLongitude""}","{""ImportId"":""distributionChannel""}","{""ImportId"":""userLanguage""}","{""ImportId"":""QID1""}","{""ImportId"":""QID29_TEXT""}","{""ImportId"":""QID2""}","{""ImportId"":""QID3""}","{""ImportId"":""QID3_7_TEXT""}","{""ImportId"":""QID4""}","{""ImportId"":""QID5""}","{""ImportId"":""QID6_1""}","{""ImportId"":""QID6_2""}","{""ImportId"":""QID6_3""}","{""ImportId"":""QID7_1""}","{""ImportId"":""QID7_2""}","{""ImportId"":""QID7_3""}","{""ImportId"":""QID8_1""}","{""ImportId"":""QID8_2""}","{""ImportId"":""QID8_3""}","{""ImportId"":""QID11_1""}","{""ImportId"":""QID11_2""}","{""ImportId"":""QID11_3""}","{""ImportId"":""QID11_4""}","{""ImportId"":""QID11_5""}","{""ImportId"":""QID11_6""}","{""ImportId"":""QID13_1""}","{""ImportId"":""QID13_2""}","{""ImportId"":""QID13_3""}","{""ImportId"":""QID13_4""}","{""ImportId"":""QID13_5""}","{""ImportId"":""QID13_6""}","{""ImportId"":""QID13_7""}","{""ImportId"":""QID13_8""}","{""ImportId"":""QID13_9""}","{""ImportId"":""QID13_10""}","{""ImportId"":""QID13_11""}","{""ImportId"":""QID26""}","{""ImportId"":""QID28_1""}","{""ImportId"":""QID28_2""}","{""ImportId"":""QID28_3""}","{""ImportId"":""QID28_12""}","{""ImportId"":""QID28_13""}","{""ImportId"":""QID27_1""}","{""ImportId"":""QID27_2""}","{""ImportId"":""QID27_3""}","{""ImportId"":""QID14_1""}","{""ImportId"":""QID14_2""}","{""ImportId"":""QID14_3""}","{""ImportId"":""QID14_4""}","{""ImportId"":""QID14_5""}","{""ImportId"":""QID14_6""}","{""ImportId"":""QID14_7""}","{""ImportId"":""QID14_8""}","{""ImportId"":""QID16_TEXT""}","{""ImportId"":""QID17""}","{""ImportId"":""QID18""}","{""ImportId"":""QID19""}","{""ImportId"":""QID20""}","{""ImportId"":""QID21""}","{""ImportId"":""QID22""}","{""ImportId"":""QID23""}","{""ImportId"":""QID24""}","{""ImportId"":""QID25""}","{""ImportId"":""QID25_1_TEXT""}"
2026-02-10 12:48:26,2026-02-10 12:54:49,0,185.81.127.223,100,382,1,2026-02-10 12:54:50,R_2rjhzgoBNkns9gS,,,,,45.4722,9.1922,anonymous,EN-GB,2,,2,2,,5,6,7,6,6,7,7,6,6,4,3,,7,2,5,6,7,3,5,5,2,5,5,5,4,4,4,5,2,7,7,7,7,7,,,,1,2,1,3,1,1,1,1,,5,2,2,1,4,3,1,5,2,
2026-02-10 20:41:28,2026-02-10 20:45:58,0,217.138.198.230,100,269,1,2026-02-10 20:45:59,R_6QBKCeqyOKP1xK1,,,,,40.7157,-74,anonymous,EN-GB,2,,2,4,,3,6,5,5,6,4,6,4,5,5,5,5,6,5,5,4,4,5,3,4,1,3,3,4,4,4,5,5,2,6,6,5,7,5,4,6,5,3,3,1,4,1,3,2,2,,4,2,1,1,2,2,1,4,2,
2026-02-10 21:12:39,2026-02-10 21:24:41,0,185.190.217.1,100,721,1,2026-02-10 21:24:42,R_2cm6gURYZ1tpP2x,,,,,41.72,13.6155,anonymous,EN-GB,2,,2,2,,5,6,2,3,2,2,2,2,2,2,2,3,2,2,3,2,2,3,2,3,1,2,3,3,2,2,3,2,2,6,6,6,6,7,6,6,6,4,4,3,6,4,5,4,4,,4,2,2,1,2,2,1,4,2,
2026-02-10 22:38:27,2026-02-10 22:47:46,0,213.55.243.14,100,558,1,2026-02-10 22:47:46,R_8ElN7gnKmqVyXFd,,,,,47.3952,8.4925,anonymous,EN-GB,2,,2,1,,5,6,2,1,4,5,3,1,1,1,1,1,3,2,1,1,2,1,5,5,1,1,1,3,2,2,1,1,2,6,6,6,6,6,5,7,5,7,7,6,4,1,5,,,,2,4,3,1,3,1,4,2,1,"Il testo di una domanda conteneva l' ""incolla"" di una domanda precedente. Per le due domande a cui non ho risposto non mi è chiaro in che maniera avrei dovuto farlo."
2026-02-11 08:38:23,2026-02-11 08:46:02,0,151.53.152.42,100,459,1,2026-02-11 08:46:02,R_2SH2m99bIqBl1sZ,,,,,40.8449,14.2716,anonymous,EN-GB,2,,2,1,,4,6,4,4,5,3,4,3,3,2,2,4,3,2,3,2,4,3,2,3,1,1,2,2,3,2,2,1,2,6,6,6,5,6,5,4,4,5,4,6,7,6,5,5,6,,4,4,2,1,3,1,1,4,2,
2026-02-11 09:10:50,2026-02-11 09:18:38,0,146.241.158.21,100,468,1,2026-02-11 09:18:39,R_2D2jJuulOd8ppa1,,,,,45.4722,9.1922,anonymous,EN-GB,2,,2,2,,5,6,5,5,5,6,7,6,6,4,6,7,3,5,5,5,4,2,3,2,1,3,3,3,3,2,3,3,2,6,6,6,6,6,1,1,2,1,1,2,4,1,2,2,2,,4,2,2,1,2,3,1,5,2,
2026-02-11 09:15:22,2026-02-11 09:28:13,0,93.39.132.244,100,771,1,2026-02-11 09:28:14,R_2VOo3nx6Z6Sm8X5,,,,,39.2302,9.121,anonymous,EN-GB,2,,2,6,,4,6,7,5,7,6,5,3,4,5,3,6,6,3,2,6,6,2,5,3,1,4,2,4,3,2,3,3,2,6,6,6,6,5,4,5,6,3,2,4,5,6,7,6,6,Talking with collegues of experience outside work. Explaining how I feel and the frustration in some tasks with senior collegues helps me a lot facing work stress.,5,4,3,1,4,3,3,5,2,
2026-02-11 09:28:55,2026-02-11 09:37:05,0,87.4.168.178,100,490,1,2026-02-11 09:37:06,R_2LopMBJxmM1Lg7B,,,,,45.0729,7.689,anonymous,EN-GB,2,,2,2,,5,6,6,5,7,3,3,2,6,3,4,4,3,4,4,6,5,2,5,5,1,1,2,3,3,2,4,1,2,7,5,6,6,6,3,5,4,4,3,6,5,3,3,4,4,,3,3,2,1,1,3,1,5,2,
2026-02-11 13:19:03,2026-02-11 13:33:20,0,93.45.62.79,100,857,1,2026-02-11 13:33:20,R_2r1TuEnov7Q5vzk,,,,,41.8905,12.5127,anonymous,EN-GB,2,,2,1,,5,6,6,6,6,5,3,2,2,6,3,6,5,2,5,5,5,2,2,2,1,1,1,5,2,2,2,1,2,6,6,6,6,5,3,5,5,5,2,5,4,1,7,7,7,"Automate every repetitive and mind-numbing task;  Include tasks providing long-term value like writing documentation, robust code, maintanability etc. in everyday priorities;  Share persistent knowledge of the project among all team members so that everyone know what they are working on and what it is used for in the greater scheme;  Foster innovation, experiment new tools and methodologies, plan refactorings aimed at improving the maintanability of the code and discovering new, better ways to implement features.  Track every quirk and bug of the project and plan to fix them, even when the client knows nothing about them yet;  Ensure high observability by measuring the performances of the software product and its related infrastructure;    When things work well, every teammate is more satisfied and thus more productive. All the above suggestons help things work out sufficiently well even in the face of urgencies.",2,4,2,1,1,2,1,4,2,
2026-02-11 13:49:30,2026-02-11 13:54:41,0,217.216.60.233,100,311,1,2026-02-11 13:54:42,R_1dEbgrMcH3FDcxR,,,,,41.3253,19.8184,anonymous,EN-GB,2,,2,6,,5,6,5,5,6,6,6,4,4,4,4,7,7,4,6,5,5,5,3,5,1,3,4,4,3,4,4,4,2,6,6,5,6,7,3,4,3,3,3,1,4,2,2,3,6,,4,2,3,1,4,2,1,3,2,
2026-02-11 13:59:28,2026-02-11 14:02:24,0,94.160.111.118,100,175,1,2026-02-11 14:02:25,R_2rP7Av62uMpcLYL,,,,,41.5935,12.6607,anonymous,EN-GB,2,,2,2,,3,6,6,5,5,5,4,4,5,4,5,5,4,4,5,4,5,1,2,3,3,2,2,3,3,3,2,2,2,5,5,6,5,6,5,4,5,6,5,6,6,6,5,4,4,,4,3,1,1,1,2,2,4,2,
2026-02-11 16:10:30,2026-02-11 16:15:17,0,87.249.138.27,100,287,1,2026-02-11 16:15:18,R_3e9wPMY72oW9wBQ,,,,,40.7126,-74.0066,anonymous,EN-GB,2,,2,2,,5,6,5,6,6,5,3,4,3,1,4,6,6,2,7,3,6,3,4,4,2,4,3,5,4,4,3,4,2,6,6,6,7,6,5,4,5,3,3,1,5,3,1,2,2,,4,2,2,2,3,1,1,3,2,
2026-02-11 16:33:28,2026-02-11 16:37:10,0,217.217.113.137,100,222,1,2026-02-11 16:37:11,R_3diFAkuugqFuiDO,,,,,40.4422,-79.9927,anonymous,EN-GB,2,,2,1,,5,6,6,6,7,6,6,6,4,3,3,6,6,5,6,5,4,4,5,4,2,4,4,5,5,5,5,5,2,6,6,5,6,6,3,2,4,5,5,2,5,4,5,6,2,,5,2,3,1,5,2,2,4,2,
2026-02-11 18:49:12,2026-02-11 19:06:42,0,2.39.13.19,100,1050,1,2026-02-11 19:06:43,R_8sRYEHvG9rIKaek,,,,,45.6244,8.9533,anonymous,EN-GB,2,,2,1,,3,6,5,4,4,5,5,7,4,2,5,6,4,5,2,3,4,,,,,,,,,,,,2,2,5,4,5,,4,5,3,4,4,3,3,3,4,4,4,,,,,,,,,,,
2026-02-11 19:12:54,2026-02-11 19:13:54,0,85.190.232.7,100,60,1,2026-02-11 19:13:54,R_8mlqNmxzXD5jN7x,,,,,41.8905,12.5127,anonymous,EN-GB,2,,2,3,,5,6,5,6,4,5,2,6,5,1,1,6,6,7,6,5,7,5,5,4,4,1,3,4,5,5,4,3,2,5,5,6,7,6,4,4,4,2,2,3,4,6,3,2,2,,4,2,1,1,4,2,1,4,2,
2026-02-11 19:14:34,2026-02-11 19:18:45,0,81.17.121.66,100,251,1,2026-02-11 19:18:46,R_2aXbfOMZ01NNrlD,,,,,38.1302,13.329,anonymous,EN-GB,2,,2,1,,5,6,5,6,5,5,5,4,5,4,4,4,5,4,5,6,5,3,3,3,4,4,2,4,4,3,3,3,2,5,5,6,5,6,3,2,4,2,3,2,4,2,3,2,3,,5,3,2,1,3,1,1,5,2,
2026-02-11 21:06:11,2026-02-11 21:11:31,0,2.45.213.86,100,319,1,2026-02-11 21:11:31,R_28NKXUbxmseIaGZ,,,,,40.8449,14.2716,anonymous,EN-GB,2,,2,1,,5,6,4,4,4,4,4,4,4,4,4,,,,,,,2,3,3,2,2,3,3,3,2,2,3,2,,,,,,4,4,4,,,,,,,,,,4,3,,,,,,,,
2026-02-12 11:33:19,2026-02-12 11:47:37,0,160.80.176.179,100,857,1,2026-02-12 11:47:37,R_2YXuhBarIUXmFYR,,,,,41.8905,12.5127,anonymous,EN-GB,2,,2,4,,3,6,4,2,6,2,2,5,2,2,2,2,2,2,2,2,4,2,3,2,1,2,2,4,4,1,1,1,2,4,5,6,5,,6,5,6,2,2,6,4,5,5,4,4,,5,2,2,1,2,1,1,4,2,
2026-02-12 16:16:20,2026-02-12 16:23:06,0,78.210.251.166,100,405,1,2026-02-12 16:23:07,R_8Lvuvu4iAiHz5Uv,,,,,43.1479,12.1097,anonymous,EN-GB,2,,2,1,,5,6,7,7,7,7,7,4,7,7,5,2,4,5,6,4,4,3,2,2,1,2,3,1,3,3,1,3,2,6,6,6,7,7,3,1,6,6,6,4,4,4,4,6,4,,3,3,2,1,3,2,4,2,2,
2026-02-12 17:18:26,2026-02-12 17:23:28,0,92.177.72.24,100,301,1,2026-02-12 17:23:29,R_8hnMMKXSLaTYHVB,,,,,38.8745,-6.9978,anonymous,EN-GB,2,697a7863cf73644be87a1e6f,2,1,,2,6,3,2,4,3,3,2,2,3,2,3,3,2,3,4,3,2,2,3,2,2,3,3,2,3,2,2,2,5,5,6,5,4,4,5,3,4,3,5,6,5,5,4,5,Having lunch with my coworkers,3,3,2,1,2,1,1,2,2,
2026-02-12 17:24:08,2026-02-12 17:29:10,0,93.103.69.113,100,301,1,2026-02-12 17:29:10,R_2JFRCUkaYwU49tB,,,,,46.2285,14.6132,anonymous,EN-GB,2,69334e35c3847151e4a070ab,2,1,,5,6,6,6,6,6,6,6,6,4,4,5,3,6,5,5,5,3,3,2,2,2,3,4,3,2,3,3,2,7,7,7,7,7,3,3,5,1,1,6,6,5,6,5,5,Breathwork practices,5,4,3,2,5,4,2,5,2,
2026-02-12 17:26:06,2026-02-12 17:30:38,0,84.123.243.100,100,271,1,2026-02-12 17:30:38,R_2CQ7NktJcW4sma1,,,,,40.321,-3.7225,anonymous,EN-GB,2,697afff94b93220b848a7995,2,2,,5,6,3,5,5,5,3,2,2,3,2,2,1,2,5,2,3,1,3,2,1,4,2,3,2,2,2,2,2,6,6,5,6,5,5,3,6,1,2,3,3,3,5,6,4,,4,2,2,1,3,3,1,5,2,
2026-02-12 17:24:42,2026-02-12 17:32:41,0,187.254.104.80,100,478,1,2026-02-12 17:32:41,R_6feA21szlQjvId6,,,,,22.3349,-97.8901,anonymous,EN-GB,2,697a698388dd2a32e6ebd281,2,1,,5,6,5,4,5,1,1,1,1,1,1,4,4,5,4,5,5,2,3,2,1,1,1,2,1,3,1,1,2,1,1,1,1,1,7,7,6,1,1,4,7,4,7,1,4,"Have a little break, like 5 minutes when i feel overwhelmed.",5,4,1,1,3,3,2,5,2,
2026-02-12 17:27:03,2026-02-12 17:38:05,0,49.207.61.39,100,662,1,2026-02-12 17:38:06,R_4EjfMFipZiyZQIZ,,,,,12.9753,77.591,anonymous,EN-GB,2,697f45f71ca7b64152ba38ee,2,2,,4,6,5,4,5,3,4,3,3,2,2,5,4,5,5,3,5,2,3,3,1,2,1,2,3,3,3,3,2,5,5,5,5,6,4,4,4,6,6,3,5,4,6,5,5,,5,4,2,1,2,3,3,3,2,
2026-02-12 17:41:30,2026-02-12 17:44:26,0,82.154.221.82,100,176,1,2026-02-12 17:44:27,R_2f6LpAS8ayQ4cX7,,,,,38.7677,-9.3006,anonymous,EN-GB,2,609a7d5287ca8fb83e0780d4,1,1,,3,6,5,5,4,4,5,5,5,5,5,5,5,6,6,5,6,4,3,4,3,4,4,3,4,5,4,4,2,5,4,5,5,5,7,6,6,5,5,4,5,5,6,5,5,,4,3,,,,,,,,
2026-02-12 17:38:53,2026-02-12 17:45:45,0,46.205.205.113,100,412,1,2026-02-12 17:45:45,R_2pWDI9JZxxT77uB,,,,,52.4056,16.9302,anonymous,EN-GB,2,69820f04f41ddd75351cbc61,2,7,"Release Manager, DevOps Team",5,6,4,6,7,5,6,7,5,6,5,6,2,7,4,4,6,4,3,3,1,2,4,1,3,3,1,1,2,5,4,6,6,4,6,7,6,6,6,4,6,4,5,4,6,,5,4,3,1,4,2,1,4,2,
2026-02-12 17:40:26,2026-02-12 17:46:39,0,177.74.139.175,100,372,1,2026-02-12 17:46:40,R_6rA2sDYbnw6sz5f,,,,,-29.7592,-51.1477,anonymous,EN-GB,2,697b446ae0f4e86f31412eed,2,2,,3,6,1,1,4,7,4,5,2,1,1,1,1,1,1,1,1,1,1,1,1,1,1,5,3,1,1,1,2,7,1,7,7,7,4,2,4,6,5,4,7,3,7,7,7,,3,2,2,1,4,2,1,3,2,
2026-02-12 17:34:32,2026-02-12 17:47:22,0,176.101.182.85,100,770,1,2026-02-12 17:47:23,R_2TvZ8NdlYN6fqg1,,,,,48.5477,17.9431,anonymous,EN-GB,2,6932ba422722a936d9dc7159,2,1,,5,6,6,6,7,5,5,2,2,6,2,5,6,5,2,5,4,4,3,3,3,2,3,4,2,1,3,1,2,6,6,7,6,5,2,3,6,6,6,5,7,5,6,4,4,"meditation is helping a lot to me ",3,2,3,1,5,2,2,3,2,
2026-02-12 17:38:26,2026-02-12 17:51:07,0,47.60.41.45,100,761,1,2026-02-12 17:51:08,R_8ZWA3grouNoihCF,,,,,41.6592,-4.7331,anonymous,EN-GB,2,697a6b3dbf6c417556471fed,2,2,,5,6,5,5,5,3,2,2,2,3,3,4,2,3,4,3,2,1,4,3,1,1,2,2,2,1,2,1,2,5,5,5,5,3,5,6,6,2,3,5,5,4,5,6,6,,4,3,1,1,2,1,3,1,2,
2026-02-12 17:38:30,2026-02-12 17:51:49,0,49.37.171.176,100,798,1,2026-02-12 17:51:50,R_9f4VzgHRvmpvxoB,,,,,12.9753,77.591,anonymous,EN-GB,2,697caeea1d9b49b996af048e,2,1,,5,6,5,4,3,5,2,2,2,4,3,5,5,3,5,2,5,3,2,2,1,1,1,3,4,3,3,3,2,5,6,5,6,6,6,7,6,6,6,7,5,6,6,7,6,I listen to soundtracks like that of Interstellar and Inception ( Time) for reducing stress and focusing on my work.,5,4,2,1,2,2,2,3,2,
2026-02-12 17:52:10,2026-02-12 17:55:45,0,46.7.163.100,100,214,1,2026-02-12 17:55:45,R_8Fr1VXJhhiswbZa,,,,,53.3402,-6.2712,anonymous,EN-GB,2,69203091564a7d1a74700ed4,2,3,,4,6,2,2,5,7,6,6,5,3,2,2,5,6,5,6,2,2,4,4,1,1,1,4,1,1,3,4,2,5,5,3,5,6,2,2,5,5,3,3,7,3,5,5,5,,5,4,3,1,5,4,4,5,2,
2026-02-12 18:04:26,2026-02-12 18:08:53,0,106.222.239.32,100,267,1,2026-02-12 18:08:55,R_9vjhclEglSA90JP,,,,,9.9406,76.2653,anonymous,EN-GB,2,697cb8acec7bf3f603df92e2,1,1,,1,6,5,5,5,5,6,5,4,4,4,6,2,5,7,7,6,3,3,2,2,3,3,3,2,2,3,4,2,5,5,6,6,5,4,4,4,2,5,7,7,7,7,7,7,"Meditation ",5,3,,,,,,,,
2026-02-12 18:01:59,2026-02-12 18:10:24,0,152.237.40.111,100,505,1,2026-02-12 18:10:25,R_1Svk3Qs3FbYvqWj,,,,,-22.9201,-43.0811,anonymous,EN-GB,2,697b26a40a18cb80098cb10b,2,2,,5,6,6,5,5,5,5,6,3,5,6,5,5,6,5,5,6,5,4,2,1,1,3,5,3,2,2,3,2,6,6,7,7,6,2,6,5,2,2,3,2,1,5,5,4,Practicing my hobbies has helped me manage my work-related stress and accumulated emotional burden.,5,4,2,1,2,4,4,5,2,
2026-02-12 18:07:19,2026-02-12 18:14:19,0,173.32.223.171,100,419,1,2026-02-12 18:14:19,R_6fIgu0SfNcpx8m8,,,,,47.5351,-52.7614,anonymous,EN-GB,2,69341c14fe52b900eb539e7f,2,2,,3,6,2,3,3,6,6,6,5,5,5,3,2,4,3,3,2,2,4,3,1,1,1,5,4,2,2,2,2,4,5,5,5,6,3,3,3,6,5,2,4,2,2,4,4,Our whole team works from home and we are told to take any time we need if you are feeling stress and need some time to take a break. I find this to be quite good and a great perk of working from home.,3,2,5,1,5,3,1,5,2,
2026-02-12 18:17:03,2026-02-12 18:26:46,0,37.116.199.245,100,583,1,2026-02-12 18:26:47,R_2EGzVJ1t09NPnX0,,,,,45.7418,9.1302,anonymous,EN-GB,2,6977a49b8c2a9dbeaa67bee2,2,1,,5,6,4,4,3,5,5,2,5,2,5,4,2,3,5,2,2,1,3,3,1,1,1,4,3,3,3,2,2,6,5,5,6,5,3,4,5,6,3,2,2,2,2,4,4,,3,2,2,2,2,3,1,2,2,
2026-02-12 18:08:42,2026-02-12 18:28:46,0,45.180.10.235,100,1204,1,2026-02-12 18:28:46,R_5kobwZ40JRbDglz,,,,,20.3706,-90.0508,anonymous,EN-GB,2,6916591b8ee73c0c532d6fb4,2,3,,5,6,2,3,3,2,2,1,1,1,2,6,6,6,7,3,3,3,3,2,2,1,2,3,1,1,1,1,2,6,6,7,7,7,6,7,6,2,2,5,6,3,6,6,6,"Journaling has been very useful to identify the cause of my emotional strain, and manage it properly",5,4,2,1,3,4,2,5,2,
2026-02-12 18:30:41,2026-02-12 18:38:19,0,95.19.167.174,100,458,1,2026-02-12 18:38:20,R_2ODMFdiuMxrcO95,,,,,38.6283,-0.6716,anonymous,EN-GB,2,697c7d0b3c55fdce3e2a7438,2,1,,4,6,6,5,6,5,5,4,3,1,1,6,5,5,6,3,2,1,2,2,2,2,2,3,3,2,2,1,2,5,4,6,5,3,5,6,4,4,4,5,3,6,4,5,4,,4,4,2,1,2,3,1,5,2,
2026-02-12 18:36:58,2026-02-12 18:43:10,0,2.224.12.183,100,371,1,2026-02-12 18:43:10,R_8LdH3ZKPe6EVNej,,,,,44.7805,10.8777,anonymous,EN-GB,2,5e1b3b93f07b72359c0c4ffe,2,1,,3,6,3,3,2,2,3,2,,2,2,2,3,3,3,2,2,2,2,3,2,2,2,2,2,2,3,3,2,5,5,4,4,4,2,4,4,4,5,6,6,5,5,5,4,When I have a ton of work to complete my coworkers help me,4,3,3,1,2,2,1,3,2,
2026-02-12 18:38:44,2026-02-12 18:43:28,0,187.212.243.5,100,284,1,2026-02-12 18:43:29,R_6c6JVTgbDD2LpXi,,,,,20.6381,-103.348,anonymous,EN-GB,2,566bdeb3beaf21001240085a,2,2,,2,6,2,2,2,2,5,4,6,2,2,2,2,2,2,2,1,2,3,3,2,4,3,4,2,1,2,2,2,3,6,6,6,6,6,5,6,2,2,6,5,3,2,4,4,,5,2,3,3,5,2,1,4,2,
2026-02-12 18:58:44,2026-02-12 19:03:04,0,164.5.253.237,100,260,1,2026-02-12 19:03:05,R_2uVWdZO3R2T1GGJ,,,,,50.8534,4.347,anonymous,EN-GB,2,"692552ac22a1de86c4976464 ",2,1,,5,6,5,6,6,6,6,7,5,5,6,6,6,7,6,6,7,4,4,4,3,3,4,4,5,4,4,5,2,7,7,7,7,6,3,2,4,2,2,1,2,1,2,1,1,,4,3,2,2,3,2,1,3,2,
2026-02-12 18:59:16,2026-02-12 19:07:47,0,202.179.95.94,100,511,1,2026-02-12 19:07:48,R_4P5H6Gbdmc4SE7b,,,,,19.0748,72.8856,anonymous,EN-GB,2," 69883fd267c670588c2afbb4",2,2,,5,6,2,2,3,2,3,2,2,3,3,2,5,4,4,2,3,3,2,2,1,2,2,3,2,2,2,2,2,4,6,6,5,7,6,7,5,5,6,6,6,5,4,6,6,Taking short breaks to breathe deeply and stretch helped me reset and stay calm during stressful moments.,4,3,1,1,2,2,1,3,2,
2026-02-12 19:54:39,2026-02-12 19:59:41,0,87.199.43.48,100,301,1,2026-02-12 19:59:42,R_8xFdnSPvtOBXQ7n,,,,,51.3717,19.364,anonymous,EN-GB,2,6972616a6116148b5545f0d1,2,2,,3,6,7,7,7,7,7,7,7,7,1,7,7,1,1,7,7,1,3,2,1,4,4,4,4,2,5,1,2,7,7,7,7,6,1,6,6,1,1,1,5,1,4,1,1,Going out with my friends in my free time or spending time with family,5,3,2,2,3,4,1,5,2,
2026-02-12 19:54:26,2026-02-12 20:00:00,0,49.36.241.253,100,333,1,2026-02-12 20:00:00,R_9I7iAZCrISt8Uut,,,,,26.9136,75.7858,anonymous,EN-GB,2,68e54271b188d748c1a258bb,2,6,,4,6,2,2,2,2,2,2,2,2,2,2,2,2,2,2,2,3,1,2,1,1,1,1,1,1,1,1,2,6,6,4,5,4,6,6,6,6,6,6,6,6,6,6,6,Meditation sessions and body massage sessions are available at times to help us relieve the stress,3,4,3,1,5,2,2,3,2,
2026-02-12 20:00:17,2026-02-12 20:15:21,0,103.203.238.89,100,904,1,2026-02-12 20:15:22,R_41S4hZKftWDlKzn,,,,,-36.8869,174.769,anonymous,EN-GB,2,6917bf33c32f8eaeaee8479b,2,1,,5,6,5,4,4,6,4,5,2,3,2,4,5,3,6,6,6,2,3,2,2,1,2,3,3,3,2,3,2,5,6,6,5,5,5,4,3,2,3,6,7,6,6,6,7,Regular milestone celebration,5,2,3,1,5,2,1,4,2,
2026-02-12 20:19:59,2026-02-12 20:25:05,0,89.92.60.70,100,305,1,2026-02-12 20:25:05,R_8C2WPD3SaHoP46j,,,,,43.5892,5.0118,anonymous,EN-GB,2,696a9a8f6a7516dc18711c62,2,1,,5,6,5,5,4,4,5,4,3,2,2,5,1,2,3,3,3,1,3,2,1,1,2,3,4,2,4,5,2,5,5,2,6,5,5,5,4,5,3,3,6,5,5,4,6,,4,4,2,1,4,2,1,3,2,
2026-02-12 20:25:10,2026-02-12 20:26:51,0,45.155.40.133,100,101,1,2026-02-12 20:26:52,R_8AYXlxdurSPBEJ3,,,,,47.5,19.0412,anonymous,EN-GB,2,,2,6,,5,6,7,6,7,6,6,5,7,7,6,7,6,6,6,7,7,5,4,5,4,5,5,5,4,4,5,3,2,7,7,7,6,7,2,2,1,7,6,6,6,6,7,7,6,,5,3,2,1,4,2,1,4,2,
2026-02-12 20:55:55,2026-02-12 20:58:44,0,62.216.201.76,100,168,1,2026-02-12 20:58:44,R_269KZLobjmb7YfK,,,,,48.3781,10.8567,anonymous,EN-GB,2,6914dfad044c1fe6eb73ba35,2,1,,5,6,4,4,4,5,4,3,4,5,4,6,5,4,5,5,4,1,2,4,3,4,3,2,4,3,3,4,2,5,3,6,5,3,6,6,5,5,4,5,4,5,5,4,3,,4,3,2,1,3,3,1,5,2,
2026-02-12 21:25:28,2026-02-12 21:31:00,0,188.150.146.230,100,331,1,2026-02-12 21:31:00,R_8DUFkvlUXzjrr6E,,,,,57.7065,11.967,anonymous,EN-GB,2,697caeb370e9ebf2819ce072,2,1,,5,6,3,2,5,6,6,5,5,2,5,4,5,2,4,5,3,1,3,3,2,4,3,3,2,1,3,1,2,6,6,6,7,3,3,5,5,2,1,3,6,6,4,5,5,,3,2,2,2,4,2,3,5,1,One question had two questions in one it seemed? With automation / tooling and emotional debt
2026-02-12 21:33:14,2026-02-12 21:36:00,0,89.152.79.22,100,166,1,2026-02-12 21:36:00,R_8o6zhtvx4cg1uHw,,,,,39.2976,-7.4336,anonymous,EN-GB,2,697caf3fa966390164a40f44,2,6,,3,6,5,3,3,2,4,2,1,2,4,4,5,5,3,2,2,2,4,3,3,3,4,3,4,3,1,5,2,3,5,3,2,6,6,6,4,4,6,4,3,5,2,5,5,,5,3,3,1,5,4,4,4,2,
2026-02-12 21:51:37,2026-02-12 21:55:32,0,82.68.90.102,100,234,1,2026-02-12 21:55:33,R_8mdDE7HhRp2QaeZ,,,,,52.4259,-1.4628,anonymous,EN-GB,2,574061ecd700ea000ef44a8f,2,2,,4,6,7,7,7,6,7,6,2,5,6,6,7,,7,6,6,2,3,2,1,1,2,4,4,4,1,1,2,6,6,7,6,6,1,1,1,1,1,1,1,1,1,1,1,,5,2,3,1,2,4,4,5,2,
2026-02-12 21:55:37,2026-02-12 22:02:38,0,81.57.97.37,100,420,1,2026-02-12 22:02:38,R_2n8TPCIZEoejHX2,,,,,40.8449,14.2716,anonymous,EN-GB,2,,2,5,,5,6,7,7,7,7,7,3,5,7,2,6,7,7,6,7,7,1,4,5,5,5,4,3,4,4,2,5,2,7,7,6,7,6,1,2,1,1,1,1,3,1,1,1,1,,3,2,2,2,3,2,1,2,2,
2026-02-12 22:48:09,2026-02-12 22:50:45,0,86.150.178.44,100,155,1,2026-02-12 22:50:45,R_2dJT9uhHazmrLt7,,,,,50.7374,-3.4708,anonymous,EN-GB,2,58df90cecc6d9800018c5d58,2,2,,5,6,7,7,7,7,7,7,7,7,7,6,6,6,6,6,6,5,5,4,1,5,5,4,4,3,2,1,2,5,6,6,6,6,1,1,1,1,1,1,1,1,3,4,1,The only time I feel like my stress is managed is when I'm not working and on holiday.,5,3,3,2,,1,1,5,2,
2026-02-12 23:00:08,2026-02-12 23:08:18,0,87.196.72.115,100,489,1,2026-02-12 23:08:18,R_2L8ccbc24MRS2jz,,,,,38.729,-9.1551,anonymous,EN-GB,2,6989cbe1ec0087fc9a540678,2,2,,5,6,5,6,5,5,5,6,4,3,3,5,6,5,5,6,6,3,4,4,3,2,2,4,3,3,3,4,2,6,6,5,6,5,3,3,6,2,2,5,6,1,6,2,6,,5,2,2,1,3,4,2,4,2,
2026-02-12 23:02:49,2026-02-12 23:12:06,0,102.221.201.134,100,557,1,2026-02-12 23:12:07,R_84NrToTZnUd5Znz,,,,,-26.2309,28.0583,anonymous,EN-GB,2,60815c9ccdc192157a112560,2,1,,2,6,5,5,5,4,5,4,3,3,2,4,3,5,5,5,4,2,2,2,1,2,3,3,2,3,3,2,2,5,4,6,6,4,4,4,6,6,5,5,6,3,5,5,5,Physical exercise after hours,4,2,2,1,5,2,1,3,2,
2026-02-12 23:31:35,2026-02-12 23:33:54,0,217.216.56.3,100,139,1,2026-02-12 23:33:54,R_22zORkRjwNWwczL,,,,,43.8453,18.3592,anonymous,EN-GB,2,,2,1,,5,6,7,7,7,7,7,7,7,7,7,6,6,2,7,7,7,5,4,5,5,5,5,5,5,5,5,5,2,7,7,7,7,7,1,1,1,1,1,1,4,1,1,1,1,,5,2,2,4,4,1,1,5,2,
2026-02-12 23:34:10,2026-02-12 23:35:58,0,82.149.80.57,100,108,1,2026-02-12 23:35:59,R_8MQjbiakg4Qifpk,,,,,35.8956,14.5161,anonymous,EN-GB,2,,2,3,,5,6,7,6,6,7,7,7,6,6,6,7,7,7,7,7,7,4,5,4,5,4,5,4,5,4,5,4,2,7,7,7,7,6,2,3,2,1,1,1,1,3,1,1,3,,4,3,4,1,5,1,1,3,2,
2026-02-13 00:28:15,2026-02-13 00:32:37,0,90.129.212.131,100,261,1,2026-02-13 00:32:38,R_8Pa6nBV3ShgMfcd,,,,,59.3326,18.0651,anonymous,EN-GB,2,6982bea48e9bba3401d37b5e,2,1,,5,6,6,6,6,6,6,6,3,2,2,6,6,6,6,6,6,4,2,2,1,1,2,4,2,2,2,1,2,7,7,7,7,4,1,1,1,3,2,3,2,2,3,3,3,taking sick leave due to mental stress,4,4,3,1,5,4,3,5,1,"initial one, ""si"" is not in English :D"
2026-02-13 00:37:40,2026-02-13 00:42:37,0,89.141.144.253,100,297,1,2026-02-13 00:42:38,R_2DnnLToTdiW1aGq,,,,,41.4044,2.1754,anonymous,EN-GB,2,697a8b7517d1fec6fcd92535,2,3,,5,6,5,5,6,6,7,4,6,2,2,5,4,6,4,7,5,5,3,4,4,4,3,2,4,2,3,1,2,6,6,7,7,6,5,6,7,3,5,4,5,3,6,6,6,"out of the office team building, open and honest retrospective meetings, open door team  planning for the Q",3,2,3,1,5,4,3,5,2,
2026-02-13 00:50:32,2026-02-13 00:52:24,0,85.190.232.190,100,111,1,2026-02-13 00:52:24,R_8CJc51bBu69TKeo,,,,,41.8905,12.5127,anonymous,EN-GB,2,,2,2,,5,6,6,6,7,6,6,7,6,6,6,7,6,6,7,2,6,5,5,4,3,4,5,5,4,4,5,4,2,6,7,6,7,6,4,3,1,1,1,1,2,3,1,2,3,,4,2,2,2,4,1,1,2,2,
2026-02-13 00:55:24,2026-02-13 00:57:23,0,185.81.127.87,100,118,1,2026-02-13 00:57:23,R_2257EpouXAqeR2W,,,,,45.4722,9.1922,anonymous,EN-GB,2,,2,2,,5,6,6,6,7,7,2,6,7,7,7,7,7,7,7,7,7,5,4,4,5,4,4,4,4,4,4,4,2,7,7,7,7,7,1,1,1,2,2,2,1,1,1,1,4,,5,2,3,1,5,1,1,1,2,
2026-02-13 01:13:29,2026-02-13 01:21:24,0,125.100.137.19,100,474,1,2026-02-13 01:21:24,R_4WMzd6Ypkw9wSHb,,,,,35.69,139.69,anonymous,EN-GB,2,695d1672f133b8aa9cb044cd,2,1,,2,6,6,5,4,5,5,4,4,2,5,5,5,5,6,4,5,2,3,2,2,3,2,4,2,,2,3,2,5,5,6,6,4,2,3,2,2,2,4,4,4,4,4,4,Take a short walk during a short break.,4,3,2,1,5,1,1,1,2,
2026-02-13 01:34:32,2026-02-13 01:41:49,0,124.219.171.161,100,437,1,2026-02-13 01:41:50,R_9DFbYlfHjBUinYt,,,,,35.4779,139.5123,anonymous,EN-GB,2,697aa765a5ccc9f27c06189b,2,1,,4,6,5,5,5,4,3,2,2,1,5,4,6,6,3,5,6,1,4,3,1,2,2,4,2,2,2,4,2,6,6,6,6,7,5,5,6,5,2,6,2,6,7,6,6,"The business people often ask engineering team for a lunch and doing condition check, especially if they are new or if they havent got involved in any project yet. Inside the organization friendly banter also happens casually without any pressure. the business team always making sure that project will come eventually.",4,4,3,1,1,2,1,1,2,
2026-02-13 02:06:24,2026-02-13 02:15:01,0,205.254.163.237,100,516,1,2026-02-13 02:15:02,R_9ez63mirYOC51wx,,,,,12.9753,77.591,anonymous,EN-GB,2,697cd3e898ab3c5f151c0a0b,2,1,,5,6,1,1,1,1,1,1,1,1,1,1,1,1,1,1,1,3,3,4,1,1,1,3,1,1,1,1,2,1,1,1,1,1,7,7,7,7,7,7,7,7,1,7,7,"One practice that helped me manage stress at work was breaking tasks into small, prioritized steps and following a simple daily plan, which reduced overwhelm and gave me a clear sense of progress. I also took short walks or 5-minute breathing breaks between tasks to reset my focus and stay calm, which improved both my productivity and emotional balance.",3,1,1,2,2,4,2,3,2,
2026-02-13 02:09:55,2026-02-13 02:15:12,0,177.37.148.144,100,316,1,2026-02-13 02:15:13,R_1IF8QhqK7I1Q2ds,,,,,-8.1792,-36.0279,anonymous,EN-GB,2,697a76929654170d739b1d71,2,2,,5,6,5,6,6,6,6,6,5,4,6,5,6,5,6,5,6,4,3,3,1,2,3,4,3,2,2,3,2,6,7,7,6,4,5,5,4,5,4,5,5,3,5,3,4,"Just stopping, really. As soon as I feel i'm getting overwhelmed or can't focus I just take a time from the computer, around 10 minutes, so i can come back later with a fresh mind.",5,2,1,1,2,3,1,5,2,
2026-02-13 04:17:28,2026-02-13 04:27:31,0,105.209.182.203,100,603,1,2026-02-13 04:27:32,R_2pMiXfaFIRbpzeV,,,,,-26.2198,28.251,anonymous,EN-GB,2,64e6da067df73bb9a5285225,2,7,Soc analyst (recently changed roles),2,6,6,6,7,5,6,3,5,1,4,6,7,5,3,5,2,5,3,,1,1,3,4,2,2,2,5,2,3,3,6,4,5,1,2,6,6,2,1,4,4,3,4,3,N/A. I think I need a new Job before I can't adjust,3,2,1,1,2,3,1,1,2,
2026-02-13 05:49:28,2026-02-13 05:55:13,0,64.98.230.20,100,344,1,2026-02-13 05:55:13,R_6f3fmcFs0WI5lBu,,,,,38.8374,-104.8225,anonymous,EN-GB,2,698d0d1a310f1ee662ea1dfe,2,6,,3,6,5,5,5,2,2,2,3,3,3,3,3,5,4,5,5,3,4,4,2,2,1,3,3,2,2,2,2,6,6,6,7,6,6,7,6,4,5,6,6,5,5,5,6,,4,4,3,1,5,4,3,5,2,
2026-02-13 09:49:35,2026-02-13 09:50:45,0,212.97.70.18,100,69,1,2026-02-13 09:50:46,R_2atbwv0TPz1P4Wt,,,,,47.1322,9.5115,anonymous,EN-GB,2,698359503b06587280bbe6d9,2,2,,4,6,5,3,3,5,4,2,2,2,5,4,2,3,4,1,4,3,4,4,3,4,3,3,4,4,2,2,2,5,6,6,5,6,6,6,7,2,2,4,6,1,4,2,4,"Getting a rubber ducky to explain the problems to, and when I have built a lot of frustration, I go to the gun range or go hunting, which instantly relieves any frustrations",3,2,2,1,5,1,1,4,2,
2026-02-13 10:00:47,2026-02-13 10:02:27,0,45.137.76.11,100,99,1,2026-02-13 10:02:28,R_8dRoI2wwWfQIR5B,,,,,36.7296,3.0905,anonymous,EN-GB,2,698ad6eb10ae396f992b6e5c,2,2,,2,6,4,3,3,1,2,2,1,1,1,1,5,2,6,6,2,4,3,4,4,5,4,4,4,3,4,4,2,3,5,5,6,6,5,5,4,2,3,2,4,3,2,2,2,,5,2,2,1,4,2,1,3,2,
2026-02-13 10:06:17,2026-02-13 10:08:39,0,185.128.9.201,100,142,1,2026-02-13 10:08:39,R_8gFuzUVL84V1uZz,,,,,38.729,-9.1551,anonymous,EN-GB,2,6984c0ecce9fb12429040230,2,2,,4,6,3,4,4,5,4,3,1,2,2,3,4,3,2,6,2,3,4,3,4,4,2,2,3,3,3,3,2,6,6,6,6,7,5,5,3,4,4,4,6,3,7,5,5,Nicotine pouches. I use them whenever I have to finish something and I know it's going to be stressful.,5,3,3,2,4,1,1,4,2,
2026-02-13 10:11:56,2026-02-13 10:17:24,0,95.89.188.70,100,328,1,2026-02-13 10:17:25,R_2MrGv1bqkoKY2qW,,,,,50.3497,7.6016,anonymous,EN-GB,2,6966064db46fdc6dcac5b329,2,2,,5,6,3,4,3,3,2,3,3,2,2,5,4,5,4,3,5,1,2,2,1,1,2,3,3,2,2,3,2,4,3,3,2,5,5,4,4,6,5,6,6,4,5,6,5,,3,2,3,1,5,2,2,2,2,
2026-02-13 10:17:26,2026-02-13 10:21:05,0,94.132.146.57,100,218,1,2026-02-13 10:21:05,R_837tTBp4ptlxAcC,,,,,40.9784,-8.5585,anonymous,EN-GB,2,697cac298df77e6179e34baf,2,1,,5,6,3,3,2,5,4,4,3,3,2,3,1,3,4,3,4,1,3,3,1,2,1,3,2,1,2,1,2,6,6,4,6,2,5,5,5,3,5,5,5,3,5,5,5,,4,4,2,1,3,3,2,4,2,
2026-02-13 10:44:18,2026-02-13 10:45:33,0,155.133.65.207,100,75,1,2026-02-13 10:45:33,R_8HYaox6JTV7fDod,,,,,44.8412,-0.5806,anonymous,EN-GB,2,6980e6aed8b2f54c8c5e4725,2,2,,5,6,5,5,5,4,3,5,5,3,3,6,5,3,6,5,6,4,3,3,4,4,4,5,4,3,4,5,2,6,6,6,6,5,5,6,5,6,5,5,7,7,6,6,6,"Team-building activities, especially playing board games with colleagues, helped reduce stress and improve my mood at work.",5,4,4,1,5,1,1,3,2,
